model,accuracy,precision,recall,f1_score,roc_auc
Logistic Regression,0.8028419182948491,0.4553072625698324,0.8578947368421053,0.5948905109489051,0.8937471884840306
Decision Tree,0.9724689165186501,0.8955223880597015,0.9473684210526315,0.9207161125319693,0.9624662618083669
Random Forest V1,0.9751332149200711,0.9655172413793104,0.8842105263157894,0.9230769230769231,0.9982512370670265
Random Forest V2,0.9733570159857904,0.9761904761904762,0.8631578947368421,0.9162011173184358,0.9984058704453441
